{"cameraMode":{"drawMode":0,"name":"Shaded","section":"Shading Mode"},"sceneLighting":false,"audioPlay":false,"sceneViewState":{"m_AlwaysRefresh":false,"showFog":false,"showSkybox":false,"showFlares":false,"showImageEffects":false,"showParticleSystems":false,"showVisualEffectGraphs":true,"m_FxEnabled":true},"in2DMode":false,"pivot":{"x":0.6265183091163635,"y":-0.09628196060657501,"z":-0.6939001679420471},"rotation":{"x":-0.006828816141933203,"y":0.9645885229110718,"z":-0.26261210441589358,"w":-0.025238685309886934},"size":2.2856361865997316,"orthographic":false}