{"cameraMode":{"drawMode":0,"name":"Shaded","section":"Shading Mode"},"sceneLighting":false,"audioPlay":false,"sceneViewState":{"m_AlwaysRefresh":false,"showFog":false,"showSkybox":false,"showFlares":false,"showImageEffects":false,"showParticleSystems":false,"showVisualEffectGraphs":true,"m_FxEnabled":true},"in2DMode":false,"pivot":{"x":0.18566720187664033,"y":-1.5329195261001588,"z":-2.482184648513794},"rotation":{"x":-0.016857972368597986,"y":-0.9493374824523926,"z":0.30966365337371828,"w":-0.05154825374484062},"size":2.3147940635681154,"orthographic":false}