{"cameraMode":{"drawMode":0,"name":"Shaded","section":"Shading Mode"},"sceneLighting":false,"audioPlay":false,"sceneViewState":{"m_AlwaysRefresh":false,"showFog":false,"showSkybox":false,"showFlares":false,"showImageEffects":false,"showParticleSystems":false,"showVisualEffectGraphs":true,"m_FxEnabled":true},"in2DMode":false,"pivot":{"x":-0.05239099636673927,"y":1.400975227355957,"z":-0.8919304013252258},"rotation":{"x":-0.0010024840012192727,"y":-0.9979181289672852,"z":0.06326156854629517,"w":-0.015226315706968308},"size":1.5927531719207764,"orthographic":false}